<?xml version='1.0' encoding='UTF-8'?>
<?artifactRepository version='1.1.0'?>
<repository name='org.jnario.updatesite' type='org.eclipse.equinox.p2.artifact.repository.simpleRepository' version='1'>
  <properties size='2'>
    <property name='p2.timestamp' value='1497268305835'/>
    <property name='publishPackFilesAsSiblings' value='true'/>
  </properties>
  <mappings size='5'>
    <rule filter='(&amp; (classifier=osgi.bundle) (format=packed))' output='${repoUrl}/plugins/${id}_${version}.jar.pack.gz'/>
    <rule filter='(&amp; (classifier=osgi.bundle))' output='${repoUrl}/plugins/${id}_${version}.jar'/>
    <rule filter='(&amp; (classifier=binary))' output='${repoUrl}/binary/${id}_${version}'/>
    <rule filter='(&amp; (classifier=org.eclipse.update.feature) (format=packed))' output='${repoUrl}/features/${id}_${version}.jar.pack.gz'/>
    <rule filter='(&amp; (classifier=org.eclipse.update.feature))' output='${repoUrl}/features/${id}_${version}.jar'/>
  </mappings>
  <artifacts size='28'>
    <artifact classifier='osgi.bundle' id='org.hamcrest.core' version='1.3.0.v201303031735'>
      <properties size='1'>
        <property name='download.size' value='55198'/>
      </properties>
    </artifact>
    <artifact classifier='osgi.bundle' id='org.jnario.suite' version='1.1.1.201706121151'>
      <properties size='5'>
        <property name='artifact.size' value='305073'/>
        <property name='download.size' value='305073'/>
        <property name='maven-groupId' value='org.jnario'/>
        <property name='maven-artifactId' value='org.jnario.suite'/>
        <property name='maven-version' value='1.1.1-SNAPSHOT'/>
      </properties>
    </artifact>
    <artifact classifier='osgi.bundle' id='org.jnario.feature.ui' version='1.1.1.201706121151'>
      <properties size='5'>
        <property name='artifact.size' value='494776'/>
        <property name='download.size' value='494776'/>
        <property name='maven-groupId' value='org.jnario'/>
        <property name='maven-artifactId' value='org.jnario.feature.ui'/>
        <property name='maven-version' value='1.1.1-SNAPSHOT'/>
      </properties>
    </artifact>
    <artifact classifier='osgi.bundle' id='org.jnario.feature.ui.source' version='1.1.1.201706121151'>
      <properties size='6'>
        <property name='artifact.size' value='305289'/>
        <property name='download.size' value='305289'/>
        <property name='maven-groupId' value='org.jnario'/>
        <property name='maven-artifactId' value='org.jnario.feature.ui'/>
        <property name='maven-version' value='1.1.1-SNAPSHOT'/>
        <property name='maven-classifier' value='sources'/>
      </properties>
    </artifact>
    <artifact classifier='osgi.bundle' id='org.jnario.standalone.source' version='1.1.1.201706121151'>
      <properties size='6'>
        <property name='artifact.size' value='17827'/>
        <property name='download.size' value='17827'/>
        <property name='maven-groupId' value='org.jnario.plugin'/>
        <property name='maven-artifactId' value='org.jnario.standalone'/>
        <property name='maven-version' value='1.1.1-SNAPSHOT'/>
        <property name='maven-classifier' value='sources'/>
      </properties>
    </artifact>
    <artifact classifier='osgi.bundle' id='org.jnario.feature' version='1.1.1.201706121151'>
      <properties size='5'>
        <property name='artifact.size' value='531417'/>
        <property name='download.size' value='531417'/>
        <property name='maven-groupId' value='org.jnario'/>
        <property name='maven-artifactId' value='org.jnario.feature'/>
        <property name='maven-version' value='1.1.1-SNAPSHOT'/>
      </properties>
    </artifact>
    <artifact classifier='osgi.bundle' id='org.jnario.spec.ui.source' version='1.1.1.201706121151'>
      <properties size='6'>
        <property name='artifact.size' value='311904'/>
        <property name='download.size' value='311904'/>
        <property name='maven-groupId' value='org.jnario'/>
        <property name='maven-artifactId' value='org.jnario.spec.ui'/>
        <property name='maven-version' value='1.1.1-SNAPSHOT'/>
        <property name='maven-classifier' value='sources'/>
      </properties>
    </artifact>
    <artifact classifier='org.eclipse.update.feature' id='org.jnario.ui' version='1.1.1.201706121151'>
      <properties size='6'>
        <property name='artifact.size' value='6822'/>
        <property name='download.size' value='6822'/>
        <property name='maven-groupId' value='org.jnario.features'/>
        <property name='maven-artifactId' value='org.jnario.ui'/>
        <property name='maven-version' value='1.1.1-SNAPSHOT'/>
        <property name='download.contentType' value='application/zip'/>
      </properties>
    </artifact>
    <artifact classifier='osgi.bundle' id='org.jnario.standalone' version='1.1.1.201706121151'>
      <properties size='5'>
        <property name='artifact.size' value='42269'/>
        <property name='download.size' value='42269'/>
        <property name='maven-groupId' value='org.jnario.plugin'/>
        <property name='maven-artifactId' value='org.jnario.standalone'/>
        <property name='maven-version' value='1.1.1-SNAPSHOT'/>
      </properties>
    </artifact>
    <artifact classifier='osgi.bundle' id='org.jnario.spec.source' version='1.1.1.201706121151'>
      <properties size='6'>
        <property name='artifact.size' value='310388'/>
        <property name='download.size' value='310388'/>
        <property name='maven-groupId' value='org.jnario'/>
        <property name='maven-artifactId' value='org.jnario.spec'/>
        <property name='maven-version' value='1.1.1-SNAPSHOT'/>
        <property name='maven-classifier' value='sources'/>
      </properties>
    </artifact>
    <artifact classifier='osgi.bundle' id='org.jnario.lib' version='1.1.1.201706121151'>
      <properties size='5'>
        <property name='artifact.size' value='66408'/>
        <property name='download.size' value='66408'/>
        <property name='maven-groupId' value='org.jnario.plugin'/>
        <property name='maven-artifactId' value='org.jnario.lib'/>
        <property name='maven-version' value='1.1.1-SNAPSHOT'/>
      </properties>
    </artifact>
    <artifact classifier='osgi.bundle' id='org.jnario.source' version='1.1.1.201706121151'>
      <properties size='6'>
        <property name='artifact.size' value='245393'/>
        <property name='download.size' value='245393'/>
        <property name='maven-groupId' value='org.jnario'/>
        <property name='maven-artifactId' value='org.jnario'/>
        <property name='maven-version' value='1.1.1-SNAPSHOT'/>
        <property name='maven-classifier' value='sources'/>
      </properties>
    </artifact>
    <artifact classifier='org.eclipse.update.feature' id='org.jnario' version='1.1.1.201706121151'>
      <properties size='6'>
        <property name='artifact.size' value='6920'/>
        <property name='download.size' value='6920'/>
        <property name='maven-groupId' value='org.jnario.features'/>
        <property name='maven-artifactId' value='org.jnario'/>
        <property name='maven-version' value='1.1.1-SNAPSHOT'/>
        <property name='download.contentType' value='application/zip'/>
      </properties>
    </artifact>
    <artifact classifier='osgi.bundle' id='org.hamcrest.core.source' version='1.3.0.v201303031735'>
      <properties size='1'>
        <property name='download.size' value='43062'/>
      </properties>
    </artifact>
    <artifact classifier='osgi.bundle' id='org.eclipse.jdt.junit.runners' version='0.1.0.201411181552'>
      <properties size='1'>
        <property name='download.size' value='31541'/>
      </properties>
    </artifact>
    <artifact classifier='osgi.bundle' id='org.jnario.spec.ui' version='1.1.1.201706121151'>
      <properties size='5'>
        <property name='artifact.size' value='522745'/>
        <property name='download.size' value='522745'/>
        <property name='maven-groupId' value='org.jnario'/>
        <property name='maven-artifactId' value='org.jnario.spec.ui'/>
        <property name='maven-version' value='1.1.1-SNAPSHOT'/>
      </properties>
    </artifact>
    <artifact classifier='osgi.bundle' id='org.jnario.m2e' version='1.1.1.201706121151'>
      <properties size='5'>
        <property name='artifact.size' value='6696'/>
        <property name='download.size' value='6696'/>
        <property name='maven-groupId' value='org.jnario'/>
        <property name='maven-artifactId' value='org.jnario.m2e'/>
        <property name='maven-version' value='1.1.1-SNAPSHOT'/>
      </properties>
    </artifact>
    <artifact classifier='osgi.bundle' id='org.jnario.lib.source' version='1.1.1.201706121151'>
      <properties size='6'>
        <property name='artifact.size' value='41279'/>
        <property name='download.size' value='41279'/>
        <property name='maven-groupId' value='org.jnario.plugin'/>
        <property name='maven-artifactId' value='org.jnario.lib'/>
        <property name='maven-version' value='1.1.1-SNAPSHOT'/>
        <property name='maven-classifier' value='sources'/>
      </properties>
    </artifact>
    <artifact classifier='osgi.bundle' id='org.jnario.xbase.richstring.ui' version='1.1.1.201706121151'>
      <properties size='5'>
        <property name='artifact.size' value='331915'/>
        <property name='download.size' value='331915'/>
        <property name='maven-groupId' value='org.jnario'/>
        <property name='maven-artifactId' value='org.jnario.xbase.richstring.ui'/>
        <property name='maven-version' value='1.1.1-SNAPSHOT'/>
      </properties>
    </artifact>
    <artifact classifier='osgi.bundle' id='org.jnario.spec' version='1.1.1.201706121151'>
      <properties size='5'>
        <property name='artifact.size' value='769658'/>
        <property name='download.size' value='769658'/>
        <property name='maven-groupId' value='org.jnario'/>
        <property name='maven-artifactId' value='org.jnario.spec'/>
        <property name='maven-version' value='1.1.1-SNAPSHOT'/>
      </properties>
    </artifact>
    <artifact classifier='org.eclipse.update.feature' id='org.jnario.m2e' version='1.1.1.201706121151'>
      <properties size='6'>
        <property name='artifact.size' value='6637'/>
        <property name='download.size' value='6637'/>
        <property name='maven-groupId' value='org.jnario.features'/>
        <property name='maven-artifactId' value='org.jnario.m2e'/>
        <property name='maven-version' value='1.1.1-SNAPSHOT'/>
        <property name='download.contentType' value='application/zip'/>
      </properties>
    </artifact>
    <artifact classifier='osgi.bundle' id='org.jnario.feature.source' version='1.1.1.201706121151'>
      <properties size='6'>
        <property name='artifact.size' value='332635'/>
        <property name='download.size' value='332635'/>
        <property name='maven-groupId' value='org.jnario'/>
        <property name='maven-artifactId' value='org.jnario.feature'/>
        <property name='maven-version' value='1.1.1-SNAPSHOT'/>
        <property name='maven-classifier' value='sources'/>
      </properties>
    </artifact>
    <artifact classifier='osgi.bundle' id='org.jnario.suite.ui' version='1.1.1.201706121151'>
      <properties size='5'>
        <property name='artifact.size' value='363194'/>
        <property name='download.size' value='363194'/>
        <property name='maven-groupId' value='org.jnario'/>
        <property name='maven-artifactId' value='org.jnario.suite.ui'/>
        <property name='maven-version' value='1.1.1-SNAPSHOT'/>
      </properties>
    </artifact>
    <artifact classifier='osgi.bundle' id='org.jnario' version='1.1.1.201706121151'>
      <properties size='5'>
        <property name='artifact.size' value='671273'/>
        <property name='download.size' value='671273'/>
        <property name='maven-groupId' value='org.jnario'/>
        <property name='maven-artifactId' value='org.jnario'/>
        <property name='maven-version' value='1.1.1-SNAPSHOT'/>
      </properties>
    </artifact>
    <artifact classifier='org.eclipse.update.feature' id='org.jnario.sdk' version='1.1.1.201706121151'>
      <properties size='6'>
        <property name='artifact.size' value='6730'/>
        <property name='download.size' value='6730'/>
        <property name='maven-groupId' value='org.jnario.features'/>
        <property name='maven-artifactId' value='org.jnario.sdk'/>
        <property name='maven-version' value='1.1.1-SNAPSHOT'/>
        <property name='download.contentType' value='application/zip'/>
      </properties>
    </artifact>
    <artifact classifier='osgi.bundle' id='org.jnario.ui' version='1.1.1.201706121151'>
      <properties size='5'>
        <property name='artifact.size' value='74885'/>
        <property name='download.size' value='74885'/>
        <property name='maven-groupId' value='org.jnario'/>
        <property name='maven-artifactId' value='org.jnario.ui'/>
        <property name='maven-version' value='1.1.1-SNAPSHOT'/>
      </properties>
    </artifact>
    <artifact classifier='osgi.bundle' id='org.jnario.xbase.richstring' version='1.1.1.201706121151'>
      <properties size='5'>
        <property name='artifact.size' value='372605'/>
        <property name='download.size' value='372605'/>
        <property name='maven-groupId' value='org.jnario'/>
        <property name='maven-artifactId' value='org.jnario.xbase.richstring'/>
        <property name='maven-version' value='1.1.1-SNAPSHOT'/>
      </properties>
    </artifact>
    <artifact classifier='osgi.bundle' id='org.jnario.ui.source' version='1.1.1.201706121151'>
      <properties size='6'>
        <property name='artifact.size' value='41393'/>
        <property name='download.size' value='41393'/>
        <property name='maven-groupId' value='org.jnario'/>
        <property name='maven-artifactId' value='org.jnario.ui'/>
        <property name='maven-version' value='1.1.1-SNAPSHOT'/>
        <property name='maven-classifier' value='sources'/>
      </properties>
    </artifact>
  </artifacts>
</repository>
